[
  {
    "id": "RWP-1001",
    "workOrder": "WO-55421",
    "task": "Valve inspection",
    "areaId": "DW-114",
    "entryReqs": {
      "hra": true,
      "fr": true,
      "dosimeter": "DMC3000",
      "other": ["Stay-time ≤ 15 min"]
    },
    "validFrom": "2025-01-01"
  },
  {
    "id": "RWP-1002",
    "workOrder": "WO-66210",
    "task": "Pump motor swap",
    "areaId": "DW-147",
    "entryReqs": {
      "hra": true,
      "fr": true,
      "dosimeter": "DMC3000",
      "respirator": "PAPR"
    },
    "validFrom": "2025-01-01"
  },
  {
    "id": "RWP-1003",
    "workOrder": "WO-77115",
    "task": "Survey round",
    "areaId": "RB-161",
    "entryReqs": {
      "hra": false,
      "fr": true,
      "dosimeter": "DMC3000"
    },
    "validFrom": "2025-01-01"
  }
]